Longitude,Latitude,Hospital Name,Type,Streetnum,Roadname,Roadtype,City Council,Localityna,Postcode,State
144.9833987,-37.80968063,East Melbourne Specialist Day Hospital,Private,23,Clarendon,Street,Melbourne, ,3002,Vic
145.1493,-37.9514,Windsor Avenue Day Surgery,Private,17,Windsor,Avenue,Greater Dandenong, ,3171,Vic
145.3446527,-38.03458049,Hyperbaric Health Wound Centre Berwick,Private,3,Gibb,Street,Casey, ,3806,Vic
143.8322861,-37.54055256,Ballarat Day Procedure Centre,Private,1117-1123,Howitt,Street,Ballarat, ,3355,Vic
145.1433793,-38.14818863,Bayside Day Procedure And Specialist Centre,Private,141,Cranbourne,Road,Frankston, ,3199,Vic
144.2615,-36.7619,Bendigo Day Surgery,Private,1-7,Chum,Street,Greater Bendigo, ,3555,Vic
145.0412331,-37.92012465,Bentleigh Surgicentre,Private,157,Jasper,Road,Glen Eira, ,3204,Vic
145.3465186,-38.03349627,Berwick Surgicentre,Private,22,Langmore,Lane,Casey, ,3806,Vic
144.9918171,-37.91255965,Brighton Plastic Surgery Centre,Private,206,New,Street,Bayside, ,3186,Vic
145.0618787,-37.69257276,Victorian Gut Centre,Private,119,Plenty,Road,Whittlesea, ,3083,Vic
145.0568024,-37.96046698,Chesterville Day Hospital,Private,28,Chesterville,Road,Kingston, ,3192,Vic
144.9647711,-37.7450167,Coburg Endoscopy Centre,Private,15,Munro,Street,Moreland, ,3058,Vic
145.2233009,-37.97424741,Dandenong Eye Clinic & Day Surgery Centre,Private,1-3,Falkiner,Crescent,Greater Dandenong, ,3175,Vic
145.0175764,-37.78110112,Darebin Endoscopy Services,Private,42,Station,Street,Darebin, ,3078,Vic
145.1075879,-37.70532861,Diaverum Diamond Valley Dialysis Clinic,Private,15,Grimshaw,Street,Banyule, ,3088,Vic
144.9399083,-37.78867873,Diaverum North Melbourne Dialysis Clinic,Private,185,Boundary,Road,Melbourne, ,3051,Vic
145.2275022,-37.81978389,Eastside Endoscopy Centre,Private,33,Wantirna,Road,Maroondah, ,3134,Vic
144.9236382,-37.76579341,Essendon Private Clinic,Private,665,Mount Alexander,Road,Moonee Valley, ,3039,Vic
145.0192142,-37.90043471,Glen Eira Day Surgery,Private,544,Hawthorn,Road,Glen Eira, ,3162,Vic
145.0940256,-37.85808926,Glen Iris Private,Private,314,Warrigal,Road,Boroondara, ,3146,Vic
145.0601726,-37.73049186,Heidelberg Endoscopy And Day Surgery Centre,Private,177-179,Northern,Road,Banyule, ,3081,Vic
144.8284825,-37.86964791,Altona Endoscopy Centre,Private,3-5,Sargood,Street,Hobsons Bay, ,3018,Vic
144.6867,-37.8905,Werribee Endoscopy Centre,Private,179,Princes,Highway,Wyndham, ,3030,Vic
145.0449,-37.767,Ivanhoe Endoscopy Centre,Private,226,Upper Heidelberg,Road,Banyule, ,3079,Vic
144.9786716,-37.81676535,Jolimont Endoscopy Centre,Private,201,Wellington,Parade,Melbourne, ,3002,Vic
145.0305,-37.8515,Malvern Dialysis Clinic,Private,1133,Malvern,Road,Stonnington, ,3144,Vic
145.1152,-37.7731,Manningham Day Procedure Centre,Private,503/200,High,Street,Manningham, ,3107,Vic
145.0304,-37.8878,Melbourne Day Surgery Centre,Private,961,Glen Huntly,Road,Glen Eira, ,3162,Vic
144.9791,-37.8446,Melbourne Endoscopy,Private,517,St Kilda,Road,Melbourne, ,3004,Vic
144.3632152,-38.15107303,Monash Ivf Geelong,Private,73-79,Little Ryrie,Street,Greater Geelong, ,3220,Vic
145.1897,-37.9671,Noble Park Endoscopy Centre,Private,1304,Heatherton,Road,Greater Dandenong, ,3174,Vic
144.9093796,-37.77115427,Northwest Day Hospital,Private,221,Maribyrnong,Road,Moonee Valley, ,3032,Vic
144.9981,-37.7176,Reservoir Private Hospital Day Procedure Centre,Private,73-75,Pine,Street,Darebin, ,3073,Vic
144.8836475,-38.36183865,Rosebud Surgicentre,Private,1537,Point Nepean,Road,Mornington Peninsula, ,3940,Vic
144.941,-37.8145,Specialist Surgicentre Docklands,Private,22,Rakaia,Way,Melbourne, ,3008,Vic
145.1496,-37.9495,Springvale Endoscopy Centre And Day Hospital,Private,20,Balmoral,Avenue,Greater Dandenong, ,3171,Vic
144.7794,-37.744,St Albans Endoscopy Centre,Private,328-330,Station,Road,Brimbank, ,3021,Vic
144.9822,-37.8731,St Kilda Day Hospital,Private,26a,Dickens,Street,Port Phillip, ,3184,Vic
145.0393988,-37.86365343,Stonnington Day Surgery,Private,253,Wattletree,Road,Stonnington, ,3144,Vic
145.0178298,-37.87021315,Precision Ascend Rehabilitation Centre,Private,73,Kooyong,Road,Glen Eira, ,3161,Vic
145.216202,-37.97733019,The Digestive Health Centre,Private,90,David,Street,Greater Dandenong, ,3175,Vic
145.165181,-37.8846424,The Glen Endoscopy Centre,Private,302,Springvale,Road,Monash, ,3150,Vic
145.0282824,-37.86396884,Toorak - Malvern Day Surgery Centre,Private,30-32,Glenferrie,Road,Stonnington, ,3144,Vic
145.008,-37.8414,Toorak Cosmetic Surgery Day Centre,Private,109,Mathoura,Road,Stonnington, ,3142,Vic
145.0555,-37.8325,Vision Day Surgery Camberwell,Private,25-27,Denmark Hill,Road,Boroondara, ,3123,Vic
145.1195514,-37.81769263,Vision Day Surgery Eastern,Private,852,Whitehorse,Road,Whitehorse, ,3128,Vic
144.9803,-37.8506,Vision Laser St Kilda Road,Private,600-602,St Kilda,Road,Port Phillip, ,3004,Vic
145.1466179,-37.88034991,Waverley Endoscopy,Private,301,Blackburn,Road,Monash, ,3149,Vic
144.6797482,-37.87748548,Westpoint Endoscopy Day Hospital,Private,243,Heaths,Road,Wyndham, ,3030,Vic
144.8162628,-37.76103061,Sunshine Private Day Surgery,Private,145,Furlong,Road,Brimbank, ,3021,Vic
144.8853872,-37.79198064,Western Gastroenterology Services,Private,30,Eleanor,Street,Maribyrnong, ,3011,Vic
144.7496,-37.5798,Goonawarra Day Hospital,Private,11,Dornoch,Drive,Hume, ,3429,Vic
144.9837,-37.8251,Imaging@Olympic Park,Private,60,Olympic,Boulevard,Melbourne, ,3004,Vic
144.7586258,-37.69335073,Sydenham Day Surgery,Private,566,Melton,Highway,Brimbank, ,3037,Vic
144.9980639,-37.85608534,Windsor Private Hospital,Private,20-22,The Avenue, ,Stonnington, ,3181,Vic
145.0496165,-38.22543417,Beleura Private Hospital,Private,925,Nepean,Highway,Mornington Peninsula, ,3931,Vic
145.1552726,-37.83284916,Bellbird Private Hospital,Private,198,Canterbury,Road,Whitehorse, ,3130,Vic
144.9717073,-37.75648198,Brunswick Private Hospital,Private,82,Moreland,Road,Moreland, ,3056,Vic
144.9875479,-37.81566205,Epworth Cliveden,Private,29-37,Simpson,Street,Melbourne, ,3002,Vic
145.0728365,-37.99062262,Como Private Hospital,Private,152-156,Como,Parade,Kingston, ,3195,Vic
145.0483,-37.8087,Cotham Private Hospital,Private,209,Cotham,Road,Boroondara, ,3101,Vic
145.0942,-37.8573,Delmont Private Hospital,Private,298-308,Warrigal,Road,Boroondara, ,3146,Vic
145.1714915,-37.78999405,Donvale Rehabilitation Hospital,Private,1119-1121,Doncaster,Road,Manningham, ,3109,Vic
144.9474001,-37.7232293,Dorset Rehabilitation Centre,Private,146,Derby,Street,Moreland, ,3044,Vic
144.9841,-37.8107,Epworth Freemasons,Private,166,Clarendon,Street,Melbourne, ,3002,Vic
144.9928716,-37.81765919,Epworth Richmond,Private,89,Bridge,Road,Yarra, ,3121,Vic
145.0025924,-37.91368926,Epworth Rehabilitation Brighton,Private,85-93,Wilson,Street,Bayside, ,3186,Vic
145.0546326,-37.84594303,Epworth Rehabilitation Camberwell,Private,888,Toorak,Road,Boroondara, ,3124,Vic
144.9547628,-37.79895826,Frances Perry House,Private,20,Flemington,Road,Melbourne, ,3052,Vic
144.364398,-38.15103532,Geelong Private Hospital,Private,56-58,Bellerine,Street,Greater Geelong, ,3220,Vic
145.0309157,-37.81934502,Glenferrie Private Hospital,Private,29,Hilda,Crescent,Boroondara, ,3122,Vic
145.1208373,-37.92086339,Jessie Mcpherson Private Hospital,Private,246,Clayton,Road,Monash, ,3168,Vic
144.9583,-37.7546,John Fawkner Private Hospital,Private,275,Moreland,Road,Moreland, ,3058,Vic
145.2276951,-37.84890356,Knox Private Hospital,Private,262,Mountain,Highway,Knox, ,3152,Vic
145.00373,-37.94243117,Linacre Private Hospital,Private,12-16,Linacre,Road,Bayside, ,3188,Vic
145.0811181,-37.82745243,Linley Clinic,Private,25,Bryson,Street,Boroondara, ,3126,Vic
145.0608,-37.8671,Malvern Private Hospital,Private,3-9,Wilton Vale,Crescent,Stonnington, ,3145,Vic
146.4187,-38.2151,Maryvale Private Hospital,Private,286,Maryvale,Road,Latrobe, ,3840,Vic
145.0031,-37.8698,Masada Private Hospital,Private,24-48,Balaclava,Road,Glen Eira, ,3183,Vic
142.1453,-34.1848,Mildura Health Private Hospital,Private,220-228,Thirteenth,Street,Mildura, ,3500,Vic
145.1942966,-37.81048049,Mitcham Private Hospital,Private,25-27,Doncaster East,Road,Whitehorse, ,3132,Vic
145.1206,-37.9218,Monash Surgical Private Hospital,Private,252-256,Clayton,Road,Monash, ,3168,Vic
146.8761,-36.1386,Murray Valley Private Hospital,Private,2/69,Nordsvan,Drive,Wodonga, ,3690,Vic
145.0312,-37.7634,North Eastern Rehabilitation Centre,Private,134-146,Ford,Street,Banyule, ,3079,Vic
145.0619,-37.6913,Northpark Private Hospital,Private,10,Greenhills,Road,Whittlesea, ,3083,Vic
145.1701086,-38.15780753,Peninsula Private Hospital,Private,525,Mcclelland,Drive,Frankston, ,3910,Vic
145.2439,-37.8114,Ringwood Private Hospital,Private,36,Mt Dandenong,Road,Maroondah, ,3135,Vic
145.4108,-36.3593,Shepparton Private Hospital,Private,20,Fitzgerald,Street,Greater Shepparton, ,3630,Vic
145.1217,-37.9184,Sir John Monash Private Hospital,Private,212-220,Clayton,Road,Monash, ,3168,Vic
145.1925,-37.9657,South Eastern Private Hospital,Private,313-329,Princes,Highway,Greater Dandenong, ,3174,Vic
145.2133,-37.97,St John Of God Pinelodge Clinic,Private,1480-1486,Heatherton,Road,Greater Dandenong, ,3175,Vic
144.9844614,-37.81192888,St Vincent's Private Hospital East Melbourne,Private,159,Grey,Street,Melbourne, ,3002,Vic
144.9760382,-37.80785473,St Vincent's Private Hospital Fitzroy,Private,59-61,Victoria,Parade,Yarra, ,3065,Vic
144.9721367,-37.834298,Albert Road Clinic,Private,31-33,Albert,Road,Port Phillip, ,3004,Vic
145.0413634,-38.22296983,The Bays Hospital - Mornington,Private,4,Vale,Street,Mornington Peninsula, ,3931,Vic
144.3932,-38.182,The Geelong Clinic,Private,94-102,Townsend,Road,Greater Geelong, ,3219,Vic
145.0445003,-37.71653676,Hyperbaric Health Wound Centre Bundoora,Private,920,Plenty,Road,Darebin, ,3083,Vic
145.1942034,-37.8113383,Mitcham Private Hospital,Private,36,Doncaster East,Road,Whitehorse, ,3132,Vic
145.0078355,-37.74680419,Panch Day Surgery Centre,Private,84-90,Hotham,Street,Darebin, ,3072,Vic
145.3452878,-38.04527898,Casey Radiation Oncology Centre,Private,2/55,Kangan,Drive,Casey, ,3806,Vic
145.2683,-37.8555,The Melbourne Eastern Private Hospital,Private,153-159,Scoresby,Road,Knox, ,3155,Vic
145.2131,-37.9388,The Valley Private Hospital,Private,535-559,Police,Road,Monash, ,3170,Vic
144.9972,-37.8481,The Victoria Clinic,Private,320-324,Malvern,Road,Stonnington, ,3181,Vic
145.1621446,-37.89837421,The Victorian Rehabilitation Centre,Private,499,Springvale,Road,Monash, ,3150,Vic
145.024,-37.8065,St Vincent's Private Hospital Kew,Private,5,Studley,Avenue,Boroondara, ,3101,Vic
146.3122,-36.3492,Wangaratta Private Hospital,Private,134-150,Templeton,Street,Wangaratta, ,3677,Vic
145.0603,-37.7551,Warringal Private Hospital,Private,216,Burgundy,Street,Banyule, ,3084,Vic
145.1457,-37.8847,Waverley Private Hospital,Private,343-357,Blackburn,Road,Monash, ,3149,Vic
144.885643,-37.79305693,Western Private Hospital,Private,1-9,Marion,Street,Maribyrnong, ,3011,Vic
145.0228541,-37.82130969,Epworth Hawthorn,Private,46-52,Burwood,Road,Boroondara, ,3122,Vic
145.0079376,-37.90656151,Mandometer Brighton,Private,412-414,Bay,Street,Bayside, ,3186,Vic
144.9749984,-37.80848966,Victoria Parade Surgery Centre,Private,100,Victoria,Parade,Melbourne, ,3002,Vic
145.0366573,-37.93305221,Bayside Endoscopy Day Hospital,Private,437-441,South,Road,Glen Eira, ,3204,Vic
145.2629574,-37.84189678,Bayswater Day Procedure And Specialist Centre,Private,664,Mountain,Highway,Knox, ,3153,Vic
145.2169102,-37.97723278,Corymbia House Day Hospital,Private,92-94,David,Street,Greater Dandenong, ,3175,Vic
144.9863067,-37.81630143,East Melbourne Day Procedure Centre,Private,114-116,Wellington,Parade,Melbourne, ,3002,Vic
145.1331,-38.1544,Frankston Private Hospital,Private,26,Frankston-Flinders,Road,Frankston, ,3199,Vic
145.0624,-37.7944,Kew Endoscopy,Private,828,High,Street,Boroondara, ,3102,Vic
145.0077,-37.8602,Marie Stopes International East St Kilda,Private,338,Dandenong,Road,Port Phillip, ,3183,Vic
145.1202,-37.9214,Melbourne Endoscopy Monash Day Procedure Centre,Private,277-279,Clayton,Road,Monash, ,3168,Vic
144.9714358,-37.8145675,Melbourne Oral And Facial Surgery,Private,63,Exhibition,Street,Melbourne, ,3000,Vic
145.1053,-37.8681,Skin Cancer Day Surgery,Private,19,Cleveland,Road,Monash, ,3147,Vic
145.132,-38.146,"Southern Eye Centre, Day Surgery & Laser Clinic",Private,42-44,Cranbourne,Road,Frankston, ,3199,Vic
144.3662,-38.1491,Specialist Surgicentre Geelong,Private,200,Malop,Street,Greater Geelong, ,3220,Vic
145.2887737,-37.80898803,Marie Stopes International Maroondah,Private,415,Dorset,Road,Maroondah, ,3136,Vic
145.2685,-38.0315,The Hampton Park Women's Health Care Centre,Private,4,Warana,Drive,Casey, ,3976,Vic
144.8951,-37.8005,Vision Day Surgery Footscray,Private,89,Paisley,Street,Maribyrnong, ,3011,Vic
144.8338306,-37.71966534,Keilor Private,Private,12a,Kennedy,Street,Brimbank, ,3036,Vic
144.9915302,-37.91188999,Cabrini Brighton,Private,237-243,New,Street,Bayside, ,3186,Vic
145.0101373,-37.8849707,Cabrini Hopetoun Rehabilitation,Private,2-6,Hopetoun,Street,Glen Eira, ,3185,Vic
145.0335587,-37.8624645,Cabrini Malvern,Private,183,Wattletree,Road,Stonnington, ,3144,Vic
145.008873,-37.8541202,Cabrini Prahran,Private,646-646a,High,Street,Stonnington, ,3181,Vic
145.0093215,-37.88552939,Cabrini Health Elsternwick Rehabilitation,Private,494-498,Glen Huntly,Road,Glen Eira, ,3185,Vic
145.1195572,-37.81455357,Epworth Eastern,Private,1,Arnold,Street,Whitehorse, ,3128,Vic
144.8853814,-37.74846709,The Essendon Private Hospital,Private,35,Rosehill,Road,Moonee Valley, ,3040,Vic
145.0188302,-37.86894131,Melbourne Medibrain And Medisleep Centre,Private,631,Inkerman,Road,Glen Eira, ,3161,Vic
144.9571,-37.799,Melbourne Private Hospital,Private,1f,Royal,Parade,Melbourne, ,3052,Vic
143.8476,-37.5575,St John Of God Ballarat Hospital,Private,101,Drummond,Street,Ballarat, ,3350,Vic
144.2640013,-36.76207693,St John Of God Bendigo Hospital,Private,133-145,Lily,Street,Greater Bendigo, ,3550,Vic
145.3447,-38.0346,St John Of God Berwick Hospital,Private,3,Gibb,Street,Casey, ,3806,Vic
144.3578138,-38.15130066,St John Of God Geelong Hospital,Private,80,Myers,Street,Greater Geelong, ,3220,Vic
142.4794,-38.3712,St John Of God Warrnambool Hospital,Private,136,Botanic,Road,Warrnambool, ,3280,Vic
145.1563256,-38.15296378,St John Of God Frankston Rehabilitation Hospital,Private,251-265,Cranbourne,Road,Frankston, ,3199,Vic
144.9985,-37.855,The Avenue Hospital,Private,40,The Avenue, ,Stonnington, ,3181,Vic
144.9996505,-37.81476267,The Melbourne Clinic,Private,130,Church,Street,Yarra, ,3121,Vic
144.2226728,-37.59918077,Ballan District Health & Care,Private,33,Cowie,Street,Moorabool, ,3342,Vic
145.5700935,-36.75917026,Euroa Health Inc,Private,36,Kennedy,Street,Strathbogie, ,3666,Vic
146.7836685,-37.9768257,Heyfield Hospital Incorporated,Private,14-16,Licola,Road,Wellington, ,3858,Vic
145.1501442,-36.78100413,Nagambie Healthcare,Private,22,Church,Street,Strathbogie, ,3608,Vic
145.9540862,-38.02207501,Neerim District Health Service,Private,29-39,Main Neerim,Road,Baw Baw, ,3831,Vic
145.3143677,-38.02470988,Casey Day Procedure And Specialist Centre,Private,30-32,Verdun,Drive,Casey, ,3805,Vic
145.0439287,-38.22774301,Mornington Endoscopy,Private,350,Main,Street,Mornington Peninsula, ,3931,Vic
145.1330654,-38.15441802,Frankston Radiation Oncology Centre,Private,26,Frankston-Flinders,Road,Frankston, ,3199,Vic
145.2435164,-37.81124829,Ringwood Radiation Oncology Centre,Private,36,Mt Dandenong,Road,Maroondah, ,3135,Vic
144.968003,-37.80481219,Skin & Cancer Foundation Incorporated,Private,80,Drummond,Street,Melbourne, ,3053,Vic
145.343015,-38.03277705,The Victorian Cosmetic Institute,Private,1/18-24a,Clyde,Road,Casey, ,3806,Vic
144.8856565,-37.79307482,Western Radiation Oncology Centre,Private,1-9,Marion,Street,Maribyrnong, ,3011,Vic
144.7007566,-37.88703673,Wyndham Clinic,Private,242a,Hoppers,Lane,Wyndham, ,3030,Vic
145.0092046,-37.65005434,Epping Radiation Oncology Centre,Private,230,Cooper,Street,Whittlesea, ,3076,Vic
145.1664026,-37.83628535,Forest Hill Dialysis Clinic,Private,69,Mahoneys,Road,Whitehorse, ,3131,Vic
145.0445003,-37.71653676,La Trobe Private Hospital,Private,920,Plenty,Road,Darebin, ,3083,Vic
143.8519851,-37.5430748,Ballarat Surgicentre,Private,5-9,Wood,Street,Ballarat, ,3350,Vic
145.3452922,-38.04526109,St John Of God Berwick Day Oncology Centre,Private,1/55,Kangan,Drive,Casey, ,3806,Vic
145.1345672,-38.03371391,Chelsea Heights Day Surgery & Endoscopy,Private,93,Wells,Road,Kingston, ,3196,Vic
144.3049395,-38.19422552,Epworth Geelong,Private,1,Epworth,Place,Greater Geelong, ,3216,Vic
144.8325251,-37.77769001,Dr Scope,Private,493,Ballarat,Road,Brimbank, ,3020,Vic
145.1202884,-37.92090583,Monash House Private Hospital,Private,271,Clayton,Road,Monash, ,3168,Vic
142.4740014,-38.38062334,South West Regional Cancer Centre,Private,26,Ryot,Street,Warrnambool, ,3280,Vic
145.1995792,-37.85856492,Vermont Private Hospital,Private,645-647,Burwood,Hwy,Whitehorse, ,3133,Vic
145.0500685,-37.93540507,Holmesglen Private Hospital,Private,488-490,South,Road,Kingston, ,3189,Vic
144.9822879,-37.80928733,Epworth Freemasons,Private,320,Victoria,Parade,Melbourne, ,3002,Vic
144.8159972,-37.76104509,Fresenius Medical Care Sunshine Dialysis Clinic,Private,147-149,Furlong,Road,Brimbank, ,3021,Vic
144.9745636,-37.80769738,Genesis Care Radiation Oncology Centre St Vincent's Hospital Melbourne,Private,41,Victoria,Parade,Yarra, ,3065,Vic
142.1429,-34.1855,Mildura Base Hospital,Private,216-240,Ontario,Avenue,Mildura, ,3500,Vic
145.0335987,-37.8623273,Genesis Care Radiation Oncology Centre - Cabrini Malvern,Private,183,Wattletree,Road,Stonnington, ,3144,Vic
145.0167,-37.8824,Caulfield General Medical Centre,Public,260,Kooyong,Road,Glen Eira (C),Caulfield,3162,Vic
146.9834,-37.9612,Central Gippsland Health Service (Maffra),Public,42-48,Kent,Street,Wellington (S),Maffra,3860,Vic
147.0808,-38.108,Central Gippsland Health Service (Sale),Public,155,Guthridge,Parade,Wellington (S),Sale,3850,Vic
145.6512,-35.9165,Cobram District Health,Public,24-32,Broadway,Street,Moira (S),Cobram,3644,Vic
144.2147,-35.8003,Cohuna District Hospital,Public,144-158,King George,Street,Gannawarra (S),Cohuna,3568,Vic
143.5839,-38.3415,Colac Area Health,Public,12,Connor,Street,Colac-Otway (S),Colac,3250,Vic
144.9198,-37.5964,Craigieburn Health Service,Public,274-304,Craigieburn,Road,Hume (C),Craigieburn,3064,Vic
145.2804,-38.1132,Cranbourne Integrated Care Centre,Public,140-154,Sladen,Street,Casey (C),Cranbourne,3977,Vic
145.2185,-37.977,Dandenong Hospital,Public,135,David,Street,Greater Dandenong (C),Dandenong,3175,Vic
144.9645,-37.7993,Royal Dental Hospital (Melbourne),Public,720,Swanston,Street,Melbourne (C),Carlton,3053,Vic
144.4325,-37.6781,Djerriwarrh Health Services (Bacchus Marsh),Public,29-35,Grant,Street,Moorabool (S),Bacchus Marsh,3340,Vic
142.6315902,-36.6366547,West Wimmera Health Service (Rupanyup),Public,89-91,Cromie,Street,Yarriambiack (S),Rupanyup,3388,Vic
142.9323,-37.2787,East Grampians Health Service (Ararat),Public,9-29,Girdlestone,Street,Ararat (Rc),Ararat,3377,Vic
142.7459,-37.5451,East Grampians Health Service (Willaura),Public,21,Delacombe,Way,Ararat (Rc),Willaura,3379,Vic
142.9159,-35.9802,East Wimmera Health Service (Birchip),Public,24-26,Duncan,Street,Buloke (S),Birchip,3483,Vic
143.3525055,-36.26923847,East Wimmera Health Service (Charlton),Public,4,Learmonth,Street,Buloke (S),Charlton,3525,Vic
142.9764,-36.3666,East Wimmera Health Service (Donald),Public,1a,Aitken,Avenue,Buloke (S),Donald,3480,Vic
143.2465,-36.6094,East Wimmera Health Service (St Arnaud),Public,52,North Western,Road,Northern Grampians (S),St Arnaud,3478,Vic
143.234,-36.0787,East Wimmera Health Service (Wycheproof),Public,19,Grandview,Street,Buloke (S),Wycheproof,3527,Vic
144.7486,-36.1382,Echuca Regional Health,Public,226,Service,Street,Campaspe (S),Echuca,3564,Vic
141.2891,-37.0352,Edenhope & District Hospital,Public,124-134,Elizabeth,Street,West Wimmera (S),Edenhope,3318,Vic
145.1293,-38.1509,Frankston Hospital,Public,2,Hastings,Road,Frankston (C),Frankston,3199,Vic
145.8285,-38.4304,Gippsland Southern Health Service (Korumburra),Public,65-77,Bridge,Street,South Gippsland (S),Korumburra,3950,Vic
145.9501,-38.4873,Gippsland Southern Health Service (Leongatha),Public,64,Koonwarra,Road,South Gippsland (S),Leongatha,3953,Vic
145.4042,-36.3631,Shepparton Hospital,Public,2-48,Graham,Street,Greater Shepparton (C),Shepparton,3630,Vic
145.2253,-36.4393,Tatura Public Hospital,Public,64-68,Park,Street,Greater Shepparton (C),Tatura,3616,Vic
145.0085,-36.5879,Waranga Memorial Hospital,Public,14,Coyle,Street,Campaspe (S),Rushworth,3612,Vic
145.7161,-37.1953,Alexandra District Hospital,Public,12,Cooper,Street,Murrindindi (S),Alexandra,3714,Vic
146.9661,-36.733,Alpine Health (Bright),Public,36-42,Cobden,Street,Alpine (S),Bright,3741,Vic
147.1694,-36.7433,Alpine Health (Mount Beauty),Public,2-8,Hollonds,Street,Alpine (S),Mount Beauty,3699,Vic
146.7291,-36.5544,Alpine Health (Myrtleford),Public,30-32,Odonnell,Avenue,Alpine (S),Myrtleford,3737,Vic
145.3136,-37.8987,Angliss Hospital,Public,39,Albert,Street,Knox (C),Upper Ferntree Gully,3156,Vic
145.0604,-37.7565,Austin Hospital,Public,145,Studley,Road,Banyule (C),Heidelberg,3084,Vic
145.0474,-37.7561,Heidelberg Repatriation Hospital,Public,300,Waterdale,Road,Banyule (C),Heidelberg Heights,3081,Vic
147.6083,-37.8317,Bairnsdale Regional Health Service,Public,122,Day,Street,East Gippsland (S),Bairnsdale,3875,Vic
143.8474,-37.5587,Ballarat Hospital,Public,1,Drummond,Street,Ballarat (C),Ballarat Central,3350,Vic
143.8419,-37.5639,"Queen Elizabeth Centre, The (Ballarat Qec)",Public,102,Ascot,Street,Ballarat (C),Ballarat Central,3350,Vic
144.3654,-38.1512,University Hospital Geelong,Public,272-322,Ryrie,Street,Greater Geelong (C),Geelong,3220,Vic
144.336,-38.1193,Mckellar Centre (Geelong),Public,45-99,Ballarat,Road,Greater Geelong (C),North Geelong,3215,Vic
145.5809,-38.6082,Bass Coast Health,Public,235,Graham,Street,Bass Coast (S),Wonthaggi,3995,Vic
143.3822,-37.4308,Beaufort & Skipton Health Service (Beaufort),Public,24-28,Havelock,Street,Pyrenees (S),Beaufort,3373,Vic
143.3676,-37.6842,Beaufort & Skipton Health Service (Skipton),Public,2,Blake,Street,Corangamite (S),Skipton,3361,Vic
146.6914,-36.3495,Beechworth Health Service,Public,52,Sydney,Road,Indigo (S),Beechworth,3747,Vic
145.9935,-36.5549,Benalla Health,Public,47-63,Coster,Street,Benalla (Rc),Benalla,3672,Vic
144.28,-36.7513,Bendigo Health (Anne Caudle),Public,100a,Barnard,Street,Greater Bendigo (C),Bendigo,3550,Vic
144.2829,-36.7487,"Bendigo Hospital, The",Public,62,Lucan,Street,Greater Bendigo (C),Bendigo,3550,Vic
143.7273,-36.112,Boort District Health,Public,31,Kiniry,Street,Loddon (S),Boort,3537,Vic
145.1183651,-37.81391215,Box Hill Hospital,Public,8,Arnold,Street,Whitehorse (C),Box Hill,3128,Vic
144.9134,-37.6842,Broadmeadows Health Service,Public,35-57,Johnstone,Street,Hume (C),Jacana,3047,Vic
145.0548,-37.7011,Bundoora Extended Care Centre,Public,1231,Plenty,Road,Darebin (C),Bundoora,3083,Vic
145.0132,-37.8968,Calvary Health Care Bethlehem,Public,476-482,Kooyong,Road,Glen Eira (C),Caulfield South,3162,Vic
145.0158,-37.805,Caritas Christi Hospice Ltd,Public,104,Studley Park,Road,Boroondara (C),Kew,3101,Vic
145.347,-38.045,Casey Hospital,Public,62-70,Kangan,Drive,Casey (C),Berwick,3806,Vic
141.3928,-37.5903,Casterton Memorial Hospital,Public,63,Russell,Street,Glenelg (S),Casterton,3311,Vic
145.5288,-37.6469,Healesville And District Hospital,Public,377,Maroondah,Highway,Yarra Ranges (S),Healesville,3777,Vic
143.8917,-37.4206,Creswick District Hospital,Public,1,Napier,Street,Hepburn (S),Creswick,3363,Vic
144.1455,-37.3376,Daylesford District Hospital,Public,15,Hospital,Street,Hepburn (S),Daylesford,3460,Vic
143.9842,-38.2431,Hesse Rural Health Service (Winchelsea),Public,8,Gosney,Street,Surf Coast (S),Winchelsea,3241,Vic
141.6246,-38.1379,Heywood Rural Health,Public,21,Barclay,Street,Glenelg (S),Heywood,3304,Vic
143.8734,-36.5723,Inglewood And Districts Health Service,Public,3,Hospital,Street,Loddon (S),Inglewood,3517,Vic
143.9176,-35.7242,Kerang District Health,Public,13-15,Burgoyne,Street,Gannawarra (S),Kerang,3579,Vic
144.9581,-37.3018,Kilmore And District Hospital,Public,1,Anderson,Road,Mitchell (S),Kilmore,3764,Vic
145.0799,-37.9544,Kingston Centre,Public,400,Warrigal,Road,Kingston (C),Heatherton,3202,Vic
145.4849499,-38.20156167,Kooweerup Regional Health Service,Public,215,Rossiter,Road,Cardinia (S),Koo Wee Rup,3981,Vic
145.0422,-36.3153,Kyabram And District Health Services,Public,86-96,Fenaughty,Street,Campaspe (S),Kyabram,3620,Vic
144.4701,-37.2545,Kyneton District Health Service,Public,7-25,Caroline Chisholm,Drive,Macedon Ranges (S),Kyneton,3444,Vic
146.4714,-38.2188,Latrobe Regional Hospital,Public,10,Village,Avenue,Latrobe (C),Traralgon,3844,Vic
143.9808,-38.5455,Lorne Community Hospital,Public,1,Albert,Street,Surf Coast (S),Lorne,3232,Vic
144.064,-36.9927,Maldon Hospital,Public,1,Chapel,Street,Mount Alexander (S),Maldon,3463,Vic
142.3131,-35.0745,Mallee Track Health And Community Service (Ouyen),Public,28,Britt,Street,Mildura (Rc),Ouyen,3490,Vic
142.8808,-35.051,Robinvale District Health Services (Managatang),Public,37-39,Pioneer,Street,Swan Hill (Rc),Manangatang,3546,Vic
146.0865084,-37.05760484,Mansfield District Hospital,Public,51-53,Highett,Street,Mansfield (S),Mansfield,3722,Vic
145.2554,-37.807,Maroondah Hospital,Public,1-15,Davey,Drive,Maroondah (C),Ringwood East,3135,Vic
143.7352,-36.8554,Maryborough District Health Service (Dunolly),Public,20,Havelock,Street,Central Goldfields (S),Dunolly,3472,Vic
143.7383,-37.0451,Maryborough District Health Service (Maryborough),Public,75,Clarendon,Street,Central Goldfields (S),Maryborough,3465,Vic
144.7097,-36.9261,Heathcote Health,Public,39-55,Hospital,Street,Greater Bendigo (C),Heathcote,3523,Vic
144.559,-37.6865,Melton Health,Public,195-209,Barries,Road,Melton (S),Melton West,3337,Vic
145.0609,-37.7563,Mercy Hospital For Women,Public,163,Studley,Road,Banyule (C),Heidelberg,3084,Vic
142.1429,-34.1855,Mildura Base Hospital,Public,216-240,Ontario,Avenue,Mildura (Rc),Mildura,3500,Vic
145.1224,-37.9205,Monash Medical Centre (Clayton),Public,246,Clayton,Road,Monash (C),Clayton,3168,Vic
145.0635,-37.9209,Monash Medical Centre (Moorabbin),Public,823-865,Centre,Road,Glen Eira (C),Bentleigh East,3165,Vic
142.2271,-38.3815,Moyne Health Services (Port Fairy),Public,32,Villiers,Street,Moyne (S),Port Fairy,3284,Vic
144.2121,-37.0526,Castlemaine Health,Public,142,Cornish,Street,Mount Alexander (S),Castlemaine,3450,Vic
145.1977,-36.0572,Nathalia District Hospital,Public,36-44,Mcdonell,Street,Moira (S),Nathalia,3638,Vic
146.3143,-36.3543,Northeast Health Wangaratta,Public,35-47,Green,Street,Wangaratta (Rc),Wangaratta,3677,Vic
145.4438,-36.1,Numurkah District Health Service,Public,2,Katamatite-Nathalia,Road,Moira (S),Numurkah,3636,Vic
145.0618,-37.8163,O'connell Family Centre,Public,6,Mont Albert,Road,Boroondara (C),Canterbury,3126,Vic
147.5972,-37.0981,Omeo District Health,Public,10,Easton,Street,East Gippsland (S),Omeo,3898,Vic
148.4656,-37.7017,Orbost Regional Health,Public,104,Boundary,Road,East Gippsland (S),Orbost,3888,Vic
143.6646,-38.7539,Otway Health,Public,75,Mclachlan,Street,Colac-Otway (S),Apollo Bay,3233,Vic
145.164,-37.8524,"Peter James Centre, The",Public,321-345,Burwood,Highway,Whitehorse (C),Forest Hill,3131,Vic
144.9566333,-37.79999855,Peter Maccallum Cancer Centre,Public,305,Grattan,Street,Melbourne (C),Melbourne,3000,Vic
141.6062,-38.3412,Portland District Health,Public,141-151,Bentinck,Street,Glenelg (S),Portland,3305,Vic
145.1783,-37.9722,"Queen Elizabeth Centre, The",Public,37-53,Thomas,Street,Greater Dandenong (C),Noble Park,3174,Vic
142.782,-34.5845,"Robinvale District Health Services, Robinvale",Public,128-132,Latje,Road,Swan Hill (Rc),Robinvale,3549,Vic
144.6978,-36.3665,Rochester And Elmore District Health Service,Public,1,Pascoe,Street,Campaspe (S),Rochester,3561,Vic
144.8846,-38.3619,Rosebud Hospital,Public,1527,Point Nepean,Road,Mornington Peninsula (S),Capel Sound,3940,Vic
144.9559,-37.7992,Royal Melbourne Hospital,Public,300,Grattan,Street,Melbourne (C),Parkville,3052,Vic
144.9488,-37.7783,Royal Melbourne Hospital (Royal Park Campus),Public,34-56,Poplar,Road,Melbourne (C),Parkville,3052,Vic
145.0238,-37.7893,Royal Talbot Rehabilitation Centre,Public,1,Yarra,Boulevard,Boroondara (C),Kew,3101,Vic
142.3669,-35.7326,Rural Northwest Health (Hopetoun),Public,12,Mitchell,Place,Yarriambiack (S),Hopetoun,3396,Vic
142.3821,-36.2528,Rural Northwest Health (Warracknabeal),Public,18,Dimboola,Road,Yarriambiack (S),Warracknabeal,3393,Vic
145.0185,-37.961,Sandringham & District Memorial Hospital,Public,191-193,Bluff,Road,Bayside (C),Sandringham,3191,Vic
145.1386,-37.0185,Seymour Health,Public,1,Bretonneux,Street,Mitchell (S),Seymour,3660,Vic
146.2062,-38.6587,South Gippsland Hospital (Foster),Public,83,Station,Road,South Gippsland (S),Foster,3960,Vic
143.1379,-38.2371,South West Healthcare (Camperdown),Public,9,Robinson,Street,Corangamite (S),Camperdown,3260,Vic
142.4728,-38.3804,South West Healthcare (Warrnambool),Public,25,Ryot,Street,Warrnambool (C),Warrnambool,3280,Vic
145.0532,-37.8092,St George's Health Service (Aged Care),Public,283,Cotham,Road,Boroondara (C),Kew,3101,Vic
144.9751,-37.8068,St Vincent's Hospital,Public,41,Victoria,Parade,Yarra (C),Fitzroy,3065,Vic
142.7814,-37.0594,Stawell Regional Health,Public,27-29,Sloane,Street,Northern Grampians (S),Stawell,3380,Vic
144.816,-37.7599,Sunshine Hospital,Public,176-190,Furlong,Road,Brimbank (C),St Albans,3021,Vic
143.5566,-35.3406,Swan Hill District Health (Swan Hill),Public,50-54,Splatt,Street,Swan Hill (Rc),Swan Hill,3585,Vic
147.1839,-36.2138,Tallangatta Health Service,Public,25,Barree,Street,Towong (S),Tallangatta,3700,Vic
142.9024,-38.2394,Terang And Mortlake Health Service (Terang),Public,13,Austin,Avenue,Corangamite (S),Terang,3264,Vic
144.9821,-37.8456,The Alfred,Public,55,Commercial,Road,Melbourne (C),Melbourne,3004,Vic
145.0151,-37.6526,The Northern Hospital,Public,185,Cooper,Street,Whittlesea (C),Epping,3076,Vic
144.9489,-37.794,"Royal Children's Hospital, The",Public,50,Flemington,Road,Melbourne (C),Parkville,3052,Vic
144.9761,-37.8088,Royal Victorian Eye And Ear Hospital,Public,32,Gisborne,Street,Melbourne (C),East Melbourne,3002,Vic
144.9551722,-37.79915699,"Royal Women's Hospital, The",Public,20,Flemington,Road,Melbourne (C),Parkville,3052,Vic
142.9766,-38.4865,Timboon And District Healthcare Service,Public,21,Hospital,Road,Corangamite (S),Timboon,3268,Vic
144.8876,-37.7974,Tweddle Child And Family Health Service,Public,49-71,Adelaide,Street,Maribyrnong (C),Footscray,3011,Vic
147.9032,-36.1988,Upper Murray Health And Community Services (Corryong),Public,16-20,Kiell,Street,Towong (S),Corryong,3707,Vic
145.2262,-37.8482,Wantirna Health,Public,251,Mountain,Highway,Knox (C),Wantirna,3152,Vic
144.6992,-37.8858,Mercy Public Hospitals Inc (Werribee),Public,300-310,Princes,Highway,Wyndham (C),Werribee,3030,Vic
145.9275,-38.1728,West Gippsland Healthcare Group (Warragul),Public,41,Landsborough,Street,Baw Baw (S),Warragul,3820,Vic
141.9844,-36.1409,West Wimmera Health Service (Jeparit),Public,2,Charles,Street,Hindmarsh (S),Jeparit,3423,Vic
141.246,-36.3815,West Wimmera Health Service (Kaniva),Public,1-7,Roache,Street,West Wimmera (S),Kaniva,3419,Vic
141.6561,-36.3339,West Wimmera Health Service (Nhill),Public,51,Nelson,Street,Hindmarsh (S),Nhill,3418,Vic
141.9951,-35.9041,West Wimmera Health Service (Rainbow),Public,2,Swinbourne,Avenue,Hindmarsh (S),Rainbow,3424,Vic
142.0301,-37.7373,Hamilton Base Hospital,Public,20,Foster,Street,Southern Grampians (S),Hamilton,3300,Vic
142.2825,-37.8772,Penshurst & District Memorial Hospital,Public,146,Cobb,Street,Southern Grampians (S),Penshurst,3289,Vic
141.6925,-37.5998,Western District Health Service (Coleraine),Public,71,Mcleod,Street,Southern Grampians (S),Coleraine,3315,Vic
144.8874,-37.7924,Western Hospital (Footscray),Public,160,Gordon,Street,Maribyrnong (C),Footscray,3011,Vic
144.8928,-37.8636,Williamstown Hospital,Public,76a,Railway,Crescent,Hobsons Bay (C),Williamstown,3016,Vic
142.0242,-36.4497,Wimmera Base Hospital (Dimboola),Public,32,Anderson,Street,Hindmarsh (S),Dimboola,3414,Vic
142.2092,-36.7119,Wimmera Base Hospital (Horsham),Public,83,Baillie,Street,Horsham (Rc),Horsham,3400,Vic
146.8795,-36.1318,Albury Wodonga Health (Wodonga),Public,53-81,Vermont,Street,Wodonga (Rc),Wodonga,3690,Vic
146.6781,-38.5571,Yarram And District Health Service,Public,85-91,Commercial,Road,Wellington (S),Yarram,3971,Vic
146.0068327,-36.01119805,Yarrawonga Health,Public,33,Piper,Street,Moira (S),Yarrawonga,3730,Vic
145.4313,-37.2139,Yea And District Memorial Hospital,Public,45,Station,Street,Murrindindi (S),Yea,3717,Vic
145.3514,-37.7566,Yarra Ranges Health,Public,25,Market,Street,Yarra Ranges (S),Lilydale,3140,Vic
145.1496,-38.1728,Golf Links Road Rehabilitation Centre,Public,125,Golf Links,Road,Frankston (C),Frankston,3199,Vic
145.0416,-38.2301,The Mornington Centre,Public,24,Separation,Street,Mornington Peninsula (S),Mornington,3931,Vic
144.7327,-37.5772,Sunbury Day Hospital,Public,7,Macedon,Street,Hume (C),Sunbury,3429,Vic
146.9397,-36.0785,Albury Wodonga Health (Albury),Public,201,Borella,Road,Albury (C),East Albury (Nsw),2640,Nsw
142.8577,-35.5005,Mallee Track Health & Community Service (Sea Lake),Public,33-43,Mcclelland,Avenue,Buloke (S),Sea Lake,3533,Vic
144.8871,-37.7911,Orygen Inpatient Unit,Public,10,Mavis,Street,Maribyrnong (C),Footscray,3011,Vic
145.0185,-37.961,Women's Sandringham,Public,191-193,Bluff,Road,Bayside (C),Sandringham,3191,Vic
144.8869764,-37.79162173,Ursula Frayne Centre,Public,160,Gordon,Street,Maribyrnong (C),Footscray,3011,Vic
144.9773802,-37.81187259,Eye And Ear On The Park,Public,2,St Andrews,Place,Melbourne (C),East Melbourne,3002,Vic